[
  {
    "id": "82ab0ea7-b6e8-410f-bb39-2e2b411d71cf",
    "data": [
      {
        "text": "I like ",
        "userDefined": false
      },
      {
        "text": "Nezuko",
        "meta": "@sys.person",
        "alias": "character",
        "userDefined": false
      },
      {
        "text": " so much",
        "userDefined": false
      }
    ],
    "isTemplate": false,
    "count": 0,
    "lang": "en",
    "updated": 0
  },
  {
    "id": "c00fefe4-2295-4410-8135-ac424de0b5ab",
    "data": [
      {
        "text": "Nezuko",
        "meta": "@sys.person",
        "alias": "character",
        "userDefined": false
      },
      {
        "text": " is so cute",
        "userDefined": false
      }
    ],
    "isTemplate": false,
    "count": 0,
    "lang": "en",
    "updated": 0
  },
  {
    "id": "cc98d673-c4a1-43b9-814a-7cff859017fb",
    "data": [
      {
        "text": "My favorite character is ",
        "userDefined": false
      },
      {
        "text": "Nezuko",
        "meta": "@sys.person",
        "alias": "character",
        "userDefined": true
      }
    ],
    "isTemplate": false,
    "count": 0,
    "lang": "en",
    "updated": 0
  },
  {
    "id": "3d9abdeb-03b7-4c92-8d2e-1048f14c083d",
    "data": [
      {
        "text": "nezuko",
        "meta": "@sys.person",
        "alias": "character",
        "userDefined": true
      }
    ],
    "isTemplate": false,
    "count": 0,
    "lang": "en",
    "updated": 0
  }
]