[
  {
    "id": "c08f42c9-74bf-4b8b-a144-072e93b751f9",
    "data": [
      {
        "text": "Akaza",
        "meta": "@sys.person",
        "alias": "x",
        "userDefined": true
      },
      {
        "text": " and ",
        "userDefined": false
      },
      {
        "text": "Rengoku",
        "meta": "@sys.person",
        "alias": "x",
        "userDefined": true
      }
    ],
    "isTemplate": false,
    "count": 0,
    "lang": "en",
    "updated": 0
  },
  {
    "id": "e885a826-cef4-4b57-afc7-9cf4e1147746",
    "data": [
      {
        "text": "When they fought ",
        "userDefined": false
      },
      {
        "text": "them",
        "meta": "@sys.person",
        "alias": "x",
        "userDefined": true
      }
    ],
    "isTemplate": false,
    "count": 0,
    "lang": "en",
    "updated": 0
  },
  {
    "id": "839916c3-fd6d-4b92-b496-54c1bd4d8c9c",
    "data": [
      {
        "text": "me",
        "meta": "@sys.person",
        "alias": "x",
        "userDefined": true
      },
      {
        "text": " Versus ",
        "userDefined": false
      },
      {
        "text": "tanjiro",
        "meta": "@sys.person",
        "alias": "x",
        "userDefined": true
      }
    ],
    "isTemplate": false,
    "count": 0,
    "lang": "en",
    "updated": 0
  },
  {
    "id": "74b94b80-61fa-43d5-a3c8-3de8ea436e6e",
    "data": [
      {
        "text": "tanjiro",
        "meta": "@sys.person",
        "alias": "x",
        "userDefined": true
      },
      {
        "text": " VS ",
        "userDefined": false
      },
      {
        "text": "my mom",
        "meta": "@sys.person",
        "alias": "x",
        "userDefined": true
      }
    ],
    "isTemplate": false,
    "count": 0,
    "lang": "en",
    "updated": 0
  },
  {
    "id": "b5aee136-9994-4fb1-be36-72e225b61abf",
    "data": [
      {
        "text": "The battle between ",
        "userDefined": false
      },
      {
        "text": "hamza",
        "meta": "@sys.person",
        "alias": "x",
        "userDefined": true
      },
      {
        "text": " and ",
        "userDefined": false
      },
      {
        "text": "dweik",
        "meta": "@sys.person",
        "alias": "x",
        "userDefined": true
      }
    ],
    "isTemplate": false,
    "count": 0,
    "lang": "en",
    "updated": 0
  },
  {
    "id": "152b0c03-72b4-4962-af74-360f2afdde9c",
    "data": [
      {
        "text": "When ",
        "userDefined": false
      },
      {
        "text": "he",
        "meta": "@sys.person",
        "alias": "x",
        "userDefined": true
      },
      {
        "text": " killed ",
        "userDefined": false
      },
      {
        "text": "him",
        "meta": "@sys.person",
        "alias": "x",
        "userDefined": true
      }
    ],
    "isTemplate": false,
    "count": 0,
    "lang": "en",
    "updated": 0
  },
  {
    "id": "ba9515a1-1683-4f73-8212-3c394f7e959b",
    "data": [
      {
        "text": "My favorite fight was ",
        "userDefined": false
      },
      {
        "text": "Yoriichi",
        "meta": "@sys.person",
        "alias": "x",
        "userDefined": true
      },
      {
        "text": " beating ",
        "userDefined": false
      },
      {
        "text": "Muzan",
        "meta": "@sys.person",
        "alias": "x",
        "userDefined": true
      }
    ],
    "isTemplate": false,
    "count": 0,
    "lang": "en",
    "updated": 0
  },
  {
    "id": "7f63b6e7-2c70-418a-a4eb-0c7fdc3841a1",
    "data": [
      {
        "text": "It was epic when ",
        "userDefined": false
      },
      {
        "text": "Rengoku",
        "meta": "@sys.person",
        "alias": "x",
        "userDefined": true
      },
      {
        "text": " almost killed ",
        "userDefined": false
      },
      {
        "text": "Akaza",
        "meta": "@sys.person",
        "alias": "x",
        "userDefined": true
      }
    ],
    "isTemplate": false,
    "count": 0,
    "lang": "en",
    "updated": 0
  },
  {
    "id": "67512ced-4b97-4ed3-b66b-3e894ed7bbba",
    "data": [
      {
        "text": "It was so cool when ",
        "userDefined": false
      },
      {
        "text": "Shahmir",
        "meta": "@sys.person",
        "alias": "x",
        "userDefined": true
      },
      {
        "text": " killed ",
        "userDefined": false
      },
      {
        "text": "Steve Jobs",
        "meta": "@sys.person",
        "alias": "x",
        "userDefined": true
      }
    ],
    "isTemplate": false,
    "count": 0,
    "lang": "en",
    "updated": 0
  }
]