[
  {
    "id": "349fbe87-b8c1-4b40-9347-1a5d488d4bab",
    "data": [
      {
        "text": "He",
        "meta": "@sys.person",
        "alias": "x",
        "userDefined": true
      },
      {
        "text": "\u0027s really brave and caring",
        "userDefined": false
      }
    ],
    "isTemplate": false,
    "count": 0,
    "lang": "en",
    "updated": 0
  },
  {
    "id": "06c791fe-f367-48ff-a0e6-f75dea2ee9fe",
    "data": [
      {
        "text": "nezuko",
        "meta": "@sys.person",
        "alias": "x",
        "userDefined": false
      },
      {
        "text": " is so cute uwu",
        "userDefined": false
      }
    ],
    "isTemplate": false,
    "count": 0,
    "lang": "en",
    "updated": 0
  },
  {
    "id": "55edc57f-8bec-4b86-b930-d4104c62ce49",
    "data": [
      {
        "text": "so cute",
        "userDefined": false
      }
    ],
    "isTemplate": false,
    "count": 0,
    "lang": "en",
    "updated": 0
  },
  {
    "id": "ed977629-5327-4381-ab25-1063772d531f",
    "data": [
      {
        "text": "very brave",
        "userDefined": false
      }
    ],
    "isTemplate": false,
    "count": 0,
    "lang": "en",
    "updated": 0
  },
  {
    "id": "bbc39f66-db1a-45f9-be7a-568fcd5d8bf0",
    "data": [
      {
        "text": "like everything about them",
        "userDefined": false
      }
    ],
    "isTemplate": false,
    "count": 0,
    "lang": "en",
    "updated": 0
  },
  {
    "id": "86cf098c-9b30-42ef-b366-e70e2da6e7ac",
    "data": [
      {
        "text": "cool outfit",
        "userDefined": false
      }
    ],
    "isTemplate": false,
    "count": 0,
    "lang": "en",
    "updated": 0
  },
  {
    "id": "0dd025f9-5348-458b-9504-960ec979def9",
    "data": [
      {
        "text": "so handsome",
        "userDefined": false
      }
    ],
    "isTemplate": false,
    "count": 0,
    "lang": "en",
    "updated": 0
  },
  {
    "id": "fc9851dd-d32b-474f-8c7b-8d12d2aa409a",
    "data": [
      {
        "text": "they",
        "meta": "@sys.person",
        "alias": "x",
        "userDefined": true
      },
      {
        "text": " are pretty",
        "userDefined": false
      }
    ],
    "isTemplate": false,
    "count": 0,
    "lang": "en",
    "updated": 0
  },
  {
    "id": "3156215e-6d2e-4807-9521-7e0fee6b5116",
    "data": [
      {
        "text": "epic",
        "userDefined": false
      }
    ],
    "isTemplate": false,
    "count": 0,
    "lang": "en",
    "updated": 0
  },
  {
    "id": "5fd7cd2f-9eae-43c4-80a9-60e82e085684",
    "data": [
      {
        "text": "cool",
        "userDefined": false
      }
    ],
    "isTemplate": false,
    "count": 0,
    "lang": "en",
    "updated": 0
  },
  {
    "id": "501c6b32-4042-4066-aecb-11abcf54dbca",
    "data": [
      {
        "text": "calm",
        "userDefined": false
      }
    ],
    "isTemplate": false,
    "count": 0,
    "lang": "en",
    "updated": 0
  },
  {
    "id": "84505390-fe4c-41ec-bdfc-97db820222ec",
    "data": [
      {
        "text": "funny hilarious",
        "userDefined": false
      }
    ],
    "isTemplate": false,
    "count": 1,
    "lang": "en",
    "updated": 0
  },
  {
    "id": "25340bb7-03a0-4207-bde3-6e8919947bf6",
    "data": [
      {
        "text": "beautiful",
        "userDefined": false
      }
    ],
    "isTemplate": false,
    "count": 0,
    "lang": "en",
    "updated": 0
  },
  {
    "id": "eb097761-5718-415b-a97d-0d94e635aabb",
    "data": [
      {
        "text": "smart",
        "userDefined": false
      }
    ],
    "isTemplate": false,
    "count": 0,
    "lang": "en",
    "updated": 0
  },
  {
    "id": "d04738d8-c441-4d1d-bae7-ce07227eb03a",
    "data": [
      {
        "text": "strong",
        "userDefined": false
      }
    ],
    "isTemplate": false,
    "count": 0,
    "lang": "en",
    "updated": 0
  }
]