[
  {
    "id": "f7760193-f264-4dbe-b7e4-04d4f274914b",
    "data": [
      {
        "text": "Akaza",
        "meta": "@sys.person",
        "alias": "x",
        "userDefined": true
      },
      {
        "text": " versus ",
        "userDefined": false
      },
      {
        "text": "rengoku",
        "meta": "@sys.person",
        "alias": "x",
        "userDefined": true
      }
    ],
    "isTemplate": false,
    "count": 0,
    "lang": "en",
    "updated": 0
  },
  {
    "id": "dd38b9cf-a1e5-4e8d-a6fd-b4817a6b19f9",
    "data": [
      {
        "text": "Akaza",
        "meta": "@sys.person",
        "alias": "x",
        "userDefined": true
      },
      {
        "text": " VS ",
        "userDefined": false
      },
      {
        "text": "Rengoku",
        "meta": "@sys.person",
        "alias": "x",
        "userDefined": true
      }
    ],
    "isTemplate": false,
    "count": 0,
    "lang": "en",
    "updated": 0
  },
  {
    "id": "49a84a57-9378-4b93-b66a-8e2832cf20cf",
    "data": [
      {
        "text": "when ",
        "userDefined": false
      },
      {
        "text": "Rengoku",
        "meta": "@sys.person",
        "alias": "x",
        "userDefined": true
      },
      {
        "text": " dying",
        "userDefined": false
      }
    ],
    "isTemplate": false,
    "count": 0,
    "lang": "en",
    "updated": 0
  },
  {
    "id": "1da6b065-377c-4ef0-8aa9-03606bdb78f9",
    "data": [
      {
        "text": "when ",
        "userDefined": false
      },
      {
        "text": "Rengoku",
        "meta": "@sys.person",
        "alias": "x",
        "userDefined": true
      },
      {
        "text": "\u0027s death",
        "userDefined": false
      }
    ],
    "isTemplate": false,
    "count": 0,
    "lang": "en",
    "updated": 0
  },
  {
    "id": "a717ee12-6897-4285-82bd-f5903552640b",
    "data": [
      {
        "text": "the time when ",
        "userDefined": false
      },
      {
        "text": "Nezuko",
        "meta": "@sys.person",
        "alias": "x",
        "userDefined": true
      },
      {
        "text": " existing",
        "userDefined": false
      }
    ],
    "isTemplate": false,
    "count": 0,
    "lang": "en",
    "updated": 0
  },
  {
    "id": "58dc8f12-c2bd-4997-9784-7091a764a9fa",
    "data": [
      {
        "text": "the scene where ",
        "userDefined": false
      },
      {
        "text": "Nezuko",
        "meta": "@sys.person",
        "alias": "x",
        "userDefined": true
      },
      {
        "text": " being cute",
        "userDefined": false
      }
    ],
    "isTemplate": false,
    "count": 0,
    "lang": "en",
    "updated": 0
  },
  {
    "id": "3565266c-4d2b-45c9-84c2-a5a0e7380f56",
    "data": [
      {
        "text": "It was so epic when",
        "userDefined": false
      }
    ],
    "isTemplate": false,
    "count": 0,
    "lang": "en",
    "updated": 0
  },
  {
    "id": "e595fb10-d9c1-469a-bf0b-7490f6993645",
    "data": [
      {
        "text": "It was cool when",
        "userDefined": false
      }
    ],
    "isTemplate": false,
    "count": 0,
    "lang": "en",
    "updated": 0
  },
  {
    "id": "a876aab9-5e61-4e35-8317-8bf86cf1d808",
    "data": [
      {
        "text": "I liked the moment where",
        "userDefined": false
      }
    ],
    "isTemplate": false,
    "count": 0,
    "lang": "en",
    "updated": 0
  },
  {
    "id": "b5231bf2-ff2e-471b-8b28-12cdfd1778b7",
    "data": [
      {
        "text": "My favorite moment was when",
        "userDefined": false
      }
    ],
    "isTemplate": false,
    "count": 0,
    "lang": "en",
    "updated": 0
  }
]