[
  {
    "id": "4134d51f-6845-417f-9258-b644802d9d16",
    "data": [
      {
        "text": "Take care",
        "userDefined": false
      }
    ],
    "isTemplate": false,
    "count": 0,
    "lang": "en",
    "updated": 0
  },
  {
    "id": "be22f45b-9394-4017-864c-f048efa40067",
    "data": [
      {
        "text": "Nice talking to you",
        "userDefined": false
      }
    ],
    "isTemplate": false,
    "count": 0,
    "lang": "en",
    "updated": 0
  },
  {
    "id": "fa153780-a81d-4994-b71a-97d58e617124",
    "data": [
      {
        "text": "Sayonara",
        "userDefined": false
      }
    ],
    "isTemplate": false,
    "count": 0,
    "lang": "en",
    "updated": 0
  },
  {
    "id": "925fa8e9-2908-47e6-a313-cf4b3d4a1497",
    "data": [
      {
        "text": "Adios",
        "userDefined": false
      }
    ],
    "isTemplate": false,
    "count": 0,
    "lang": "en",
    "updated": 0
  },
  {
    "id": "0554e015-fcbb-4102-9ea3-f645fd5653f6",
    "data": [
      {
        "text": "I\u0027ll leave now",
        "userDefined": false
      }
    ],
    "isTemplate": false,
    "count": 0,
    "lang": "en",
    "updated": 0
  },
  {
    "id": "4945684b-7d7c-440f-a817-84769a532994",
    "data": [
      {
        "text": "goodbye",
        "userDefined": false
      }
    ],
    "isTemplate": false,
    "count": 0,
    "lang": "en",
    "updated": 0
  },
  {
    "id": "eb1d8b0f-54b5-4d22-81f9-0c2dea5c0872",
    "data": [
      {
        "text": "see you later",
        "userDefined": false
      }
    ],
    "isTemplate": false,
    "count": 1,
    "lang": "en",
    "updated": 0
  },
  {
    "id": "aa03a3eb-423c-43e6-8f76-329a3ebb470d",
    "data": [
      {
        "text": "see ya",
        "userDefined": false
      }
    ],
    "isTemplate": false,
    "count": 0,
    "lang": "en",
    "updated": 0
  },
  {
    "id": "437e2b9b-4f30-4db6-8912-e5d1d5efd368",
    "data": [
      {
        "text": "bye",
        "userDefined": false
      }
    ],
    "isTemplate": false,
    "count": 0,
    "lang": "en",
    "updated": 0
  }
]