[
  {
    "id": "5e2c7df1-1cf7-4618-a2d2-d210126dcf19",
    "data": [
      {
        "text": "My name is ",
        "userDefined": false
      },
      {
        "text": "Ishaaq",
        "meta": "@sys.person",
        "alias": "person",
        "userDefined": true
      }
    ],
    "isTemplate": false,
    "count": 0,
    "lang": "en",
    "updated": 0
  },
  {
    "id": "ea8657c2-d22b-42c5-9a3c-8eab37e81b9a",
    "data": [
      {
        "text": "Rakin",
        "meta": "@sys.person",
        "alias": "person",
        "userDefined": false
      }
    ],
    "isTemplate": false,
    "count": 0,
    "lang": "en",
    "updated": 0
  },
  {
    "id": "011f1f2f-9588-4556-b4cf-a3b265cdf710",
    "data": [
      {
        "text": "Ishaaq",
        "meta": "@sys.person",
        "alias": "person",
        "userDefined": true
      }
    ],
    "isTemplate": false,
    "count": 0,
    "lang": "en",
    "updated": 0
  },
  {
    "id": "903a5194-b061-4e6d-a8a6-caf0f7c5c947",
    "data": [
      {
        "text": "I\u0027m ",
        "userDefined": false
      },
      {
        "text": "John",
        "meta": "@sys.person",
        "alias": "person",
        "userDefined": false
      }
    ],
    "isTemplate": false,
    "count": 0,
    "lang": "en",
    "updated": 0
  },
  {
    "id": "57b92779-c4bb-4eb5-b08b-7e88d160817e",
    "data": [
      {
        "text": "My name is ",
        "userDefined": false
      },
      {
        "text": "Peter",
        "meta": "@sys.person",
        "alias": "person",
        "userDefined": false
      }
    ],
    "isTemplate": false,
    "count": 0,
    "lang": "en",
    "updated": 0
  },
  {
    "id": "70eab821-3fc7-4404-be89-3c1d9c9908f3",
    "data": [
      {
        "text": "Eva",
        "meta": "@sys.person",
        "alias": "person",
        "userDefined": true
      }
    ],
    "isTemplate": false,
    "count": 0,
    "lang": "en",
    "updated": 0
  }
]